{
  "checkpoint": "checkpoints/d41s3/best.pt",
  "n_tokens": 269,
  "dsqg_layers": [
    0,
    1,
    2,
    3,
    4
  ],
  "if_gains": {
    "0": [
      0.7579795718193054,
      0.7892997860908508,
      0.7299243211746216,
      0.6669082045555115,
      0.8327438831329346,
      0.697048008441925,
      0.6693993806838989,
      0.6483760476112366
    ],
    "1": [
      0.9902330636978149,
      1.0042920112609863,
      1.026070475578308,
      0.9476813673973083,
      0.9078531265258789,
      0.919717013835907,
      0.910873532295227,
      0.8843379616737366
    ],
    "2": [
      1.0096925497055054,
      0.9939847588539124,
      0.9980282187461853,
      1.006352424621582,
      1.0686100721359253,
      1.0026503801345825,
      1.0387510061264038,
      0.9968120455741882
    ],
    "3": [
      1.219024419784546,
      1.1731470823287964,
      0.9956932067871094,
      1.1223726272583008,
      1.1380410194396973,
      0.9868047833442688,
      1.1062936782836914,
      1.148804783821106
    ],
    "4": [
      1.1098253726959229,
      1.1618231534957886,
      1.061655044555664,
      1.146689534187317,
      0.9812244176864624,
      1.1530755758285522,
      1.0289679765701294,
      1.1952461004257202
    ]
  },
  "pos_bias_l0_per_head_mean": [
    -0.4727039635181427,
    -1.1210178136825562,
    -1.8278543949127197,
    -2.5047898292541504,
    -2.872765064239502,
    -3.5099873542785645,
    -3.9692842960357666,
    -4.517755508422852
  ],
  "offsets": [
    0,
    1,
    2,
    3,
    4,
    5,
    6,
    7,
    8,
    9,
    10,
    11,
    12,
    13,
    14,
    15,
    16,
    17,
    18,
    19,
    20,
    21,
    22,
    23,
    24,
    25,
    26,
    27,
    28,
    29,
    30,
    31,
    32,
    33,
    34,
    35,
    36,
    37,
    38,
    39,
    40,
    41,
    48,
    128,
    384
  ]
}