{
  "label": "condm_13m (best.pt)",
  "n_params": 13984480,
  "timestamp": "20260303_204818",
  "tasks": [
    "hellaswag",
    "piqa",
    "arc_easy",
    "arc_challenge",
    "winogrande",
    "lambada"
  ],
  "results": {
    "hellaswag": {
      "accuracy": 0.24566819358693487,
      "correct": 2467,
      "total": 10042,
      "elapsed_s": 294.0248875617981
    },
    "piqa": {
      "accuracy": 0.5489662676822633,
      "correct": 1009,
      "total": 1838,
      "elapsed_s": 18.946279525756836
    },
    "arc_easy": {
      "accuracy": 0.2912280701754386,
      "correct": 166,
      "total": 570,
      "elapsed_s": 11.611478567123413
    },
    "arc_challenge": {
      "accuracy": 0.21070234113712374,
      "correct": 63,
      "total": 299,
      "elapsed_s": 6.371128797531128
    },
    "winogrande": {
      "accuracy": 0.5059194948697711,
      "correct": 641,
      "total": 1267,
      "elapsed_s": 12.92546010017395
    },
    "lambada": {
      "accuracy": 0.08053561032408306,
      "correct": 415,
      "total": 5153,
      "elapsed_s": 39.14903211593628
    }
  }
}