{
  "label": "condu_13m (best.pt)",
  "n_params": 14057352,
  "timestamp": "20260303_204153",
  "tasks": [
    "hellaswag",
    "piqa",
    "arc_easy",
    "arc_challenge",
    "winogrande",
    "lambada"
  ],
  "results": {
    "hellaswag": {
      "accuracy": 0.24656442939653456,
      "correct": 2476,
      "total": 10042,
      "elapsed_s": 116.69260716438293
    },
    "piqa": {
      "accuracy": 0.5554951033732318,
      "correct": 1021,
      "total": 1838,
      "elapsed_s": 10.188232898712158
    },
    "arc_easy": {
      "accuracy": 0.3368421052631579,
      "correct": 192,
      "total": 570,
      "elapsed_s": 6.29503607749939
    },
    "arc_challenge": {
      "accuracy": 0.2140468227424749,
      "correct": 64,
      "total": 299,
      "elapsed_s": 3.3010003566741943
    },
    "winogrande": {
      "accuracy": 0.5067087608524072,
      "correct": 642,
      "total": 1267,
      "elapsed_s": 7.016383647918701
    },
    "lambada": {
      "accuracy": 0.07141470987774112,
      "correct": 368,
      "total": 5153,
      "elapsed_s": 14.809297323226929
    }
  }
}