{
  "run": "e",
  "label": "Run E \u2014 N=2048, dense 1-39 J=79, near-zero init",
  "ppl": 52.442,
  "passkey": "25%",
  "note": "best PPL of series; distraction-by-density killed passkey",
  "tasks": {
    "hellaswag": {
      "accuracy": 0.24726150169288985,
      "correct": 2483,
      "total": 10042,
      "elapsed_s": 293.08487248420715
    },
    "piqa": {
      "accuracy": 0.5467899891186072,
      "correct": 1005,
      "total": 1838,
      "elapsed_s": 9.107609748840332
    },
    "arc_easy": {
      "accuracy": 0.3263157894736842,
      "correct": 186,
      "total": 570,
      "elapsed_s": 5.50478720664978
    },
    "arc_challenge": {
      "accuracy": 0.20066889632107024,
      "correct": 60,
      "total": 299,
      "elapsed_s": 2.884718418121338
    },
    "winogrande": {
      "accuracy": 0.5114443567482242,
      "correct": 648,
      "total": 1267,
      "elapsed_s": 6.08510422706604
    },
    "lambada": {
      "accuracy": 0.07529594411022705,
      "correct": 388,
      "total": 5153,
      "elapsed_s": 12.662560939788818
    }
  },
  "mean_accuracy": 0.31796274624411713
}