{
  "label": "condm_13m (best.pt)",
  "n_params": 13984480,
  "timestamp": "20260303_210502",
  "tasks": [
    "hellaswag",
    "piqa",
    "arc_easy",
    "arc_challenge",
    "winogrande",
    "lambada"
  ],
  "results": {
    "hellaswag": {
      "accuracy": 0.2477594104760008,
      "correct": 2488,
      "total": 10042,
      "elapsed_s": 242.71833562850952
    },
    "piqa": {
      "accuracy": 0.5527747551686616,
      "correct": 1016,
      "total": 1838,
      "elapsed_s": 18.787891626358032
    },
    "arc_easy": {
      "accuracy": 0.32105263157894737,
      "correct": 183,
      "total": 570,
      "elapsed_s": 11.509290933609009
    },
    "arc_challenge": {
      "accuracy": 0.20066889632107024,
      "correct": 60,
      "total": 299,
      "elapsed_s": 6.288930654525757
    },
    "winogrande": {
      "accuracy": 0.5169692186266772,
      "correct": 655,
      "total": 1267,
      "elapsed_s": 12.795914649963379
    },
    "lambada": {
      "accuracy": 0.07335532699398409,
      "correct": 378,
      "total": 5153,
      "elapsed_s": 38.22650218009949
    }
  }
}