{
  "run": "d",
  "label": "Run D \u2014 N=2048, octave blocks J=53, near-zero init",
  "ppl": 55.488,
  "passkey": "35%",
  "note": "d=64/256/1024 at 60%; sparse short-range hurt PPL",
  "tasks": {
    "hellaswag": {
      "accuracy": 0.24477195777733518,
      "correct": 2458,
      "total": 10042,
      "elapsed_s": 164.40959119796753
    },
    "piqa": {
      "accuracy": 0.5402611534276387,
      "correct": 993,
      "total": 1838,
      "elapsed_s": 9.02299976348877
    },
    "arc_easy": {
      "accuracy": 0.34210526315789475,
      "correct": 195,
      "total": 570,
      "elapsed_s": 5.482568025588989
    },
    "arc_challenge": {
      "accuracy": 0.20735785953177258,
      "correct": 62,
      "total": 299,
      "elapsed_s": 2.884784698486328
    },
    "winogrande": {
      "accuracy": 0.5035516969218626,
      "correct": 638,
      "total": 1267,
      "elapsed_s": 6.221402645111084
    },
    "lambada": {
      "accuracy": 0.0671453522220066,
      "correct": 346,
      "total": 5153,
      "elapsed_s": 12.814557790756226
    }
  },
  "mean_accuracy": 0.3175322138397518
}