{
  "timestamp": "20260304_123532",
  "runs": [
    "condu_4096",
    "a",
    "b",
    "c",
    "d",
    "e"
  ],
  "tasks": [
    "hellaswag",
    "piqa",
    "arc_easy",
    "arc_challenge",
    "winogrande",
    "lambada"
  ],
  "results": [
    {
      "run": "condu_4096",
      "label": "condU 13M N=4096 (baseline)",
      "ppl": 58.617,
      "passkey": "0%",
      "note": "condU baseline for condX N=4096 series",
      "tasks": {
        "hellaswag": {
          "accuracy": 0.24128659629555865,
          "correct": 2423,
          "total": 10042,
          "elapsed_s": 150.17098927497864
        },
        "piqa": {
          "accuracy": 0.5467899891186072,
          "correct": 1005,
          "total": 1838,
          "elapsed_s": 8.719865322113037
        },
        "arc_easy": {
          "accuracy": 0.32105263157894737,
          "correct": 183,
          "total": 570,
          "elapsed_s": 5.3528406620025635
        },
        "arc_challenge": {
          "accuracy": 0.19063545150501673,
          "correct": 57,
          "total": 299,
          "elapsed_s": 2.8428099155426025
        },
        "winogrande": {
          "accuracy": 0.494869771112865,
          "correct": 627,
          "total": 1267,
          "elapsed_s": 6.051279544830322
        },
        "lambada": {
          "accuracy": 0.04715699592470406,
          "correct": 243,
          "total": 5153,
          "elapsed_s": 12.949357271194458
        }
      },
      "mean_accuracy": 0.3069652392559498
    },
    {
      "run": "a",
      "label": "Run A \u2014 N=4096, near-zero init, no dispersive",
      "ppl": 58.716,
      "passkey": "0%",
      "note": "near-zero init alone insufficient at N=4096",
      "tasks": {
        "hellaswag": {
          "accuracy": 0.24337781318462456,
          "correct": 2444,
          "total": 10042,
          "elapsed_s": 101.02378559112549
        },
        "piqa": {
          "accuracy": 0.5533188248095756,
          "correct": 1017,
          "total": 1838,
          "elapsed_s": 8.530284404754639
        },
        "arc_easy": {
          "accuracy": 0.3385964912280702,
          "correct": 193,
          "total": 570,
          "elapsed_s": 5.320115566253662
        },
        "arc_challenge": {
          "accuracy": 0.2140468227424749,
          "correct": 64,
          "total": 299,
          "elapsed_s": 2.8008131980895996
        },
        "winogrande": {
          "accuracy": 0.516179952644041,
          "correct": 654,
          "total": 1267,
          "elapsed_s": 5.975506544113159
        },
        "lambada": {
          "accuracy": 0.04696293421307976,
          "correct": 242,
          "total": 5153,
          "elapsed_s": 12.584824562072754
        }
      },
      "mean_accuracy": 0.31874713980364433
    },
    {
      "run": "b",
      "label": "Run B \u2014 N=4096, dispersive kernel, near-zero init",
      "ppl": 58.557,
      "passkey": "10%",
      "note": "dispersive mechanism: propagating/evanescent head split",
      "tasks": {
        "hellaswag": {
          "accuracy": 0.2432782314280024,
          "correct": 2443,
          "total": 10042,
          "elapsed_s": 103.32913208007812
        },
        "piqa": {
          "accuracy": 0.5565832426550599,
          "correct": 1023,
          "total": 1838,
          "elapsed_s": 8.925651788711548
        },
        "arc_easy": {
          "accuracy": 0.3192982456140351,
          "correct": 182,
          "total": 570,
          "elapsed_s": 5.535409927368164
        },
        "arc_challenge": {
          "accuracy": 0.19732441471571907,
          "correct": 59,
          "total": 299,
          "elapsed_s": 2.9059948921203613
        },
        "winogrande": {
          "accuracy": 0.5067087608524072,
          "correct": 642,
          "total": 1267,
          "elapsed_s": 6.1576573848724365
        },
        "lambada": {
          "accuracy": 0.04967979817581991,
          "correct": 256,
          "total": 5153,
          "elapsed_s": 12.93513035774231
        }
      },
      "mean_accuracy": 0.3121454489068406
    },
    {
      "run": "c",
      "label": "Run C \u2014 N=2048, interleaved J=40, linspace init",
      "ppl": 52.857,
      "passkey": "45%",
      "note": "d=32 passkey wall broken; d=1024 40%",
      "tasks": {
        "hellaswag": {
          "accuracy": 0.24517028480382394,
          "correct": 2462,
          "total": 10042,
          "elapsed_s": 132.18435740470886
        },
        "piqa": {
          "accuracy": 0.5516866158868335,
          "correct": 1014,
          "total": 1838,
          "elapsed_s": 8.722563028335571
        },
        "arc_easy": {
          "accuracy": 0.34035087719298246,
          "correct": 194,
          "total": 570,
          "elapsed_s": 5.408556222915649
        },
        "arc_challenge": {
          "accuracy": 0.21739130434782608,
          "correct": 65,
          "total": 299,
          "elapsed_s": 2.859035015106201
        },
        "winogrande": {
          "accuracy": 0.5067087608524072,
          "correct": 642,
          "total": 1267,
          "elapsed_s": 6.0671234130859375
        },
        "lambada": {
          "accuracy": 0.0729672035707355,
          "correct": 376,
          "total": 5153,
          "elapsed_s": 12.611799240112305
        }
      },
      "mean_accuracy": 0.3223791744424348
    },
    {
      "run": "d",
      "label": "Run D \u2014 N=2048, octave blocks J=53, near-zero init",
      "ppl": 55.488,
      "passkey": "35%",
      "note": "d=64/256/1024 at 60%; sparse short-range hurt PPL",
      "tasks": {
        "hellaswag": {
          "accuracy": 0.24477195777733518,
          "correct": 2458,
          "total": 10042,
          "elapsed_s": 164.40959119796753
        },
        "piqa": {
          "accuracy": 0.5402611534276387,
          "correct": 993,
          "total": 1838,
          "elapsed_s": 9.02299976348877
        },
        "arc_easy": {
          "accuracy": 0.34210526315789475,
          "correct": 195,
          "total": 570,
          "elapsed_s": 5.482568025588989
        },
        "arc_challenge": {
          "accuracy": 0.20735785953177258,
          "correct": 62,
          "total": 299,
          "elapsed_s": 2.884784698486328
        },
        "winogrande": {
          "accuracy": 0.5035516969218626,
          "correct": 638,
          "total": 1267,
          "elapsed_s": 6.221402645111084
        },
        "lambada": {
          "accuracy": 0.0671453522220066,
          "correct": 346,
          "total": 5153,
          "elapsed_s": 12.814557790756226
        }
      },
      "mean_accuracy": 0.3175322138397518
    },
    {
      "run": "e",
      "label": "Run E \u2014 N=2048, dense 1-39 J=79, near-zero init",
      "ppl": 52.442,
      "passkey": "25%",
      "note": "best PPL of series; distraction-by-density killed passkey",
      "tasks": {
        "hellaswag": {
          "accuracy": 0.24726150169288985,
          "correct": 2483,
          "total": 10042,
          "elapsed_s": 293.08487248420715
        },
        "piqa": {
          "accuracy": 0.5467899891186072,
          "correct": 1005,
          "total": 1838,
          "elapsed_s": 9.107609748840332
        },
        "arc_easy": {
          "accuracy": 0.3263157894736842,
          "correct": 186,
          "total": 570,
          "elapsed_s": 5.50478720664978
        },
        "arc_challenge": {
          "accuracy": 0.20066889632107024,
          "correct": 60,
          "total": 299,
          "elapsed_s": 2.884718418121338
        },
        "winogrande": {
          "accuracy": 0.5114443567482242,
          "correct": 648,
          "total": 1267,
          "elapsed_s": 6.08510422706604
        },
        "lambada": {
          "accuracy": 0.07529594411022705,
          "correct": 388,
          "total": 5153,
          "elapsed_s": 12.662560939788818
        }
      },
      "mean_accuracy": 0.31796274624411713
    }
  ]
}