{
  "timestamp": "20260304_133918",
  "runs": [
    "f"
  ],
  "tasks": [
    "hellaswag",
    "piqa",
    "arc_easy",
    "arc_challenge",
    "winogrande",
    "lambada"
  ],
  "results": [
    {
      "run": "f",
      "label": "Run F \u2014 N=2048, dense 1-15 + gap + octave J=63, near-zero init",
      "ppl": 52.729,
      "passkey": "21.7%",
      "note": "cliff-edge design; broad coverage 10/12 distances; d=32:60%",
      "tasks": {
        "hellaswag": {
          "accuracy": 0.24566819358693487,
          "correct": 2467,
          "total": 10042,
          "elapsed_s": 191.9167411327362
        },
        "piqa": {
          "accuracy": 0.5478781284004353,
          "correct": 1007,
          "total": 1838,
          "elapsed_s": 8.444242477416992
        },
        "arc_easy": {
          "accuracy": 0.3385964912280702,
          "correct": 193,
          "total": 570,
          "elapsed_s": 5.193639516830444
        },
        "arc_challenge": {
          "accuracy": 0.2040133779264214,
          "correct": 61,
          "total": 299,
          "elapsed_s": 2.7471425533294678
        },
        "winogrande": {
          "accuracy": 0.4988161010260458,
          "correct": 632,
          "total": 1267,
          "elapsed_s": 5.791823863983154
        },
        "lambada": {
          "accuracy": 0.07083252474286823,
          "correct": 365,
          "total": 5153,
          "elapsed_s": 12.565030336380005
        }
      },
      "mean_accuracy": 0.317634136151796
    }
  ]
}