{
  "label": "condm_13m_L3 (best.pt)",
  "n_params": 14116576,
  "timestamp": "20260303_205931",
  "tasks": [
    "hellaswag",
    "piqa",
    "arc_easy",
    "arc_challenge",
    "winogrande",
    "lambada"
  ],
  "results": {
    "hellaswag": {
      "accuracy": 0.2453694483170683,
      "correct": 2464,
      "total": 10042,
      "elapsed_s": 246.6392707824707
    },
    "piqa": {
      "accuracy": 0.5489662676822633,
      "correct": 1009,
      "total": 1838,
      "elapsed_s": 19.0835919380188
    },
    "arc_easy": {
      "accuracy": 0.30350877192982456,
      "correct": 173,
      "total": 570,
      "elapsed_s": 11.706979036331177
    },
    "arc_challenge": {
      "accuracy": 0.20066889632107024,
      "correct": 60,
      "total": 299,
      "elapsed_s": 6.399060249328613
    },
    "winogrande": {
      "accuracy": 0.5082872928176796,
      "correct": 644,
      "total": 1267,
      "elapsed_s": 13.01309323310852
    },
    "lambada": {
      "accuracy": 0.06928003104987386,
      "correct": 357,
      "total": 5153,
      "elapsed_s": 38.53204083442688
    }
  }
}