{
  "label": "Baseline 13M",
  "n_params": 21647360,
  "timestamp": "20260303_075042",
  "tasks": [
    "hellaswag",
    "piqa",
    "arc_easy",
    "arc_challenge",
    "winogrande",
    "lambada"
  ],
  "results": {
    "hellaswag": {
      "accuracy": 0.24885480979884486,
      "correct": 2499,
      "total": 10042,
      "elapsed_s": 61.029725551605225
    },
    "piqa": {
      "accuracy": 0.5429815016322089,
      "correct": 998,
      "total": 1838,
      "elapsed_s": 5.0132365226745605
    },
    "arc_easy": {
      "accuracy": 0.30350877192982456,
      "correct": 173,
      "total": 570,
      "elapsed_s": 3.086790084838867
    },
    "arc_challenge": {
      "accuracy": 0.19732441471571907,
      "correct": 59,
      "total": 299,
      "elapsed_s": 1.6419899463653564
    },
    "winogrande": {
      "accuracy": 0.5232833464877664,
      "correct": 663,
      "total": 1267,
      "elapsed_s": 3.421630620956421
    },
    "lambada": {
      "accuracy": 0.06345817970114496,
      "correct": 327,
      "total": 5153,
      "elapsed_s": 8.649878740310669
    }
  }
}