{
  "label": "condm_13m (best.pt)",
  "n_params": 13984480,
  "timestamp": "20260303_204538",
  "tasks": [
    "hellaswag",
    "piqa",
    "arc_easy",
    "arc_challenge",
    "winogrande",
    "lambada"
  ],
  "results": {
    "hellaswag": {
      "accuracy": 0.24726150169288985,
      "correct": 2483,
      "total": 10042,
      "elapsed_s": 312.1197304725647
    },
    "piqa": {
      "accuracy": 0.5505984766050055,
      "correct": 1012,
      "total": 1838,
      "elapsed_s": 26.49386191368103
    },
    "arc_easy": {
      "accuracy": 0.33157894736842103,
      "correct": 189,
      "total": 570,
      "elapsed_s": 16.381438493728638
    },
    "arc_challenge": {
      "accuracy": 0.21070234113712374,
      "correct": 63,
      "total": 299,
      "elapsed_s": 8.781859874725342
    },
    "winogrande": {
      "accuracy": 0.500394632991318,
      "correct": 634,
      "total": 1267,
      "elapsed_s": 18.359888792037964
    },
    "lambada": {
      "accuracy": 0.061711624296526296,
      "correct": 318,
      "total": 5153,
      "elapsed_s": 45.65256357192993
    }
  }
}