{
  "label": "condU 13M",
  "n_params": 14057352,
  "timestamp": "20260303_073904",
  "tasks": [
    "hellaswag",
    "piqa",
    "arc_easy",
    "arc_challenge",
    "winogrande",
    "lambada"
  ],
  "results": {
    "hellaswag": {
      "accuracy": 0.24656442939653456,
      "correct": 2476,
      "total": 10042,
      "elapsed_s": 123.79052400588989
    },
    "piqa": {
      "accuracy": null,
      "error": "not_cached"
    },
    "arc_easy": {
      "accuracy": 0.3368421052631579,
      "correct": 192,
      "total": 570,
      "elapsed_s": 4.114825248718262
    },
    "arc_challenge": {
      "accuracy": 0.2140468227424749,
      "correct": 64,
      "total": 299,
      "elapsed_s": 2.179293394088745
    },
    "winogrande": {
      "accuracy": 0.5067087608524072,
      "correct": 642,
      "total": 1267,
      "elapsed_s": 4.572831630706787
    },
    "lambada": {
      "accuracy": 0.07141470987774112,
      "correct": 368,
      "total": 5153,
      "elapsed_s": 12.030844688415527
    }
  }
}