{
  "label": "condm_13m_L0 (best.pt)",
  "n_params": 14116576,
  "timestamp": "20260303_205354",
  "tasks": [
    "hellaswag",
    "piqa",
    "arc_easy",
    "arc_challenge",
    "winogrande",
    "lambada"
  ],
  "results": {
    "hellaswag": {
      "accuracy": 0.24447321250746862,
      "correct": 2455,
      "total": 10042,
      "elapsed_s": 244.85508346557617
    },
    "piqa": {
      "accuracy": 0.529923830250272,
      "correct": 974,
      "total": 1838,
      "elapsed_s": 19.314576148986816
    },
    "arc_easy": {
      "accuracy": 0.3157894736842105,
      "correct": 180,
      "total": 570,
      "elapsed_s": 11.800644636154175
    },
    "arc_challenge": {
      "accuracy": 0.2140468227424749,
      "correct": 64,
      "total": 299,
      "elapsed_s": 6.417489290237427
    },
    "winogrande": {
      "accuracy": 0.5217048145224941,
      "correct": 661,
      "total": 1267,
      "elapsed_s": 13.165567636489868
    },
    "lambada": {
      "accuracy": 0.018823986027556763,
      "correct": 97,
      "total": 5153,
      "elapsed_s": 39.083446979522705
    }
  }
}