{
  "label": "condm_13m (best.pt)",
  "n_params": 13984480,
  "timestamp": "20260303_213438",
  "tasks": [
    "hellaswag",
    "piqa",
    "arc_easy",
    "arc_challenge",
    "winogrande",
    "lambada"
  ],
  "results": {
    "hellaswag": {
      "accuracy": 0.24497112129057957,
      "correct": 2460,
      "total": 10042,
      "elapsed_s": 243.93646693229675
    },
    "piqa": {
      "accuracy": 0.55930359085963,
      "correct": 1028,
      "total": 1838,
      "elapsed_s": 18.923458337783813
    },
    "arc_easy": {
      "accuracy": 0.34035087719298246,
      "correct": 194,
      "total": 570,
      "elapsed_s": 11.622936487197876
    },
    "arc_challenge": {
      "accuracy": 0.20066889632107024,
      "correct": 60,
      "total": 299,
      "elapsed_s": 6.397490978240967
    },
    "winogrande": {
      "accuracy": 0.5114443567482242,
      "correct": 648,
      "total": 1267,
      "elapsed_s": 12.998076677322388
    },
    "lambada": {
      "accuracy": 0.061517562584902,
      "correct": 317,
      "total": 5153,
      "elapsed_s": 39.34830451011658
    }
  }
}