{
  "label": "standard_85m (best.pt)",
  "n_params": 101354240,
  "timestamp": "20260303_193310",
  "tasks": [
    "hellaswag",
    "piqa",
    "arc_easy",
    "arc_challenge",
    "winogrande",
    "lambada"
  ],
  "results": {
    "hellaswag": {
      "accuracy": 0.24885480979884486,
      "correct": 2499,
      "total": 10042,
      "elapsed_s": 121.9491753578186
    },
    "piqa": {
      "accuracy": 0.5489662676822633,
      "correct": 1009,
      "total": 1838,
      "elapsed_s": 9.682326555252075
    },
    "arc_easy": {
      "accuracy": 0.2894736842105263,
      "correct": 165,
      "total": 570,
      "elapsed_s": 5.977739095687866
    },
    "arc_challenge": {
      "accuracy": 0.18394648829431437,
      "correct": 55,
      "total": 299,
      "elapsed_s": 3.1586310863494873
    },
    "winogrande": {
      "accuracy": 0.5224940805051302,
      "correct": 662,
      "total": 1267,
      "elapsed_s": 6.513729810714722
    },
    "lambada": {
      "accuracy": 0.09761304094702115,
      "correct": 503,
      "total": 5153,
      "elapsed_s": 17.199350118637085
    }
  }
}