{
  "run": "a",
  "label": "Run A \u2014 N=4096, near-zero init, no dispersive",
  "ppl": 58.716,
  "passkey": "0%",
  "note": "near-zero init alone insufficient at N=4096",
  "tasks": {
    "hellaswag": {
      "accuracy": 0.24337781318462456,
      "correct": 2444,
      "total": 10042,
      "elapsed_s": 101.02378559112549
    },
    "piqa": {
      "accuracy": 0.5533188248095756,
      "correct": 1017,
      "total": 1838,
      "elapsed_s": 8.530284404754639
    },
    "arc_easy": {
      "accuracy": 0.3385964912280702,
      "correct": 193,
      "total": 570,
      "elapsed_s": 5.320115566253662
    },
    "arc_challenge": {
      "accuracy": 0.2140468227424749,
      "correct": 64,
      "total": 299,
      "elapsed_s": 2.8008131980895996
    },
    "winogrande": {
      "accuracy": 0.516179952644041,
      "correct": 654,
      "total": 1267,
      "elapsed_s": 5.975506544113159
    },
    "lambada": {
      "accuracy": 0.04696293421307976,
      "correct": 242,
      "total": 5153,
      "elapsed_s": 12.584824562072754
    }
  },
  "mean_accuracy": 0.31874713980364433
}