{
  "run": "b",
  "label": "Run B \u2014 N=4096, dispersive kernel, near-zero init",
  "ppl": 58.557,
  "passkey": "10%",
  "note": "dispersive mechanism: propagating/evanescent head split",
  "tasks": {
    "hellaswag": {
      "accuracy": 0.2432782314280024,
      "correct": 2443,
      "total": 10042,
      "elapsed_s": 103.32913208007812
    },
    "piqa": {
      "accuracy": 0.5565832426550599,
      "correct": 1023,
      "total": 1838,
      "elapsed_s": 8.925651788711548
    },
    "arc_easy": {
      "accuracy": 0.3192982456140351,
      "correct": 182,
      "total": 570,
      "elapsed_s": 5.535409927368164
    },
    "arc_challenge": {
      "accuracy": 0.19732441471571907,
      "correct": 59,
      "total": 299,
      "elapsed_s": 2.9059948921203613
    },
    "winogrande": {
      "accuracy": 0.5067087608524072,
      "correct": 642,
      "total": 1267,
      "elapsed_s": 6.1576573848724365
    },
    "lambada": {
      "accuracy": 0.04967979817581991,
      "correct": 256,
      "total": 5153,
      "elapsed_s": 12.93513035774231
    }
  },
  "mean_accuracy": 0.3121454489068406
}