{
  "run": "condu_4096",
  "label": "condU 13M N=4096 (baseline)",
  "ppl": 58.617,
  "passkey": "0%",
  "note": "condU baseline for condX N=4096 series",
  "tasks": {
    "hellaswag": {
      "accuracy": 0.24128659629555865,
      "correct": 2423,
      "total": 10042,
      "elapsed_s": 150.17098927497864
    },
    "piqa": {
      "accuracy": 0.5467899891186072,
      "correct": 1005,
      "total": 1838,
      "elapsed_s": 8.719865322113037
    },
    "arc_easy": {
      "accuracy": 0.32105263157894737,
      "correct": 183,
      "total": 570,
      "elapsed_s": 5.3528406620025635
    },
    "arc_challenge": {
      "accuracy": 0.19063545150501673,
      "correct": 57,
      "total": 299,
      "elapsed_s": 2.8428099155426025
    },
    "winogrande": {
      "accuracy": 0.494869771112865,
      "correct": 627,
      "total": 1267,
      "elapsed_s": 6.051279544830322
    },
    "lambada": {
      "accuracy": 0.04715699592470406,
      "correct": 243,
      "total": 5153,
      "elapsed_s": 12.949357271194458
    }
  },
  "mean_accuracy": 0.3069652392559498
}