{
  "label": "condU 13M",
  "n_params": 14057352,
  "timestamp": "20260303_075308",
  "tasks": [
    "piqa"
  ],
  "results": {
    "piqa": {
      "accuracy": 0.5554951033732318,
      "correct": 1021,
      "total": 1838,
      "elapsed_s": 6.768739223480225
    }
  }
}