{
  "label": "condw_13m (best.pt)",
  "n_params": 14257012,
  "timestamp": "20260303_214141",
  "tasks": [
    "hellaswag",
    "piqa",
    "arc_easy",
    "arc_challenge",
    "winogrande",
    "lambada"
  ],
  "results": {
    "hellaswag": {
      "accuracy": 0.24945230033857796,
      "correct": 2505,
      "total": 10042,
      "elapsed_s": 93.76573324203491
    },
    "piqa": {
      "accuracy": 0.5484221980413493,
      "correct": 1008,
      "total": 1838,
      "elapsed_s": 7.956052303314209
    },
    "arc_easy": {
      "accuracy": 0.3280701754385965,
      "correct": 187,
      "total": 570,
      "elapsed_s": 4.949805736541748
    },
    "arc_challenge": {
      "accuracy": 0.19732441471571907,
      "correct": 59,
      "total": 299,
      "elapsed_s": 2.6068480014801025
    },
    "winogrande": {
      "accuracy": 0.5035516969218626,
      "correct": 638,
      "total": 1267,
      "elapsed_s": 5.561385869979858
    },
    "lambada": {
      "accuracy": 0.02406365224141277,
      "correct": 124,
      "total": 5153,
      "elapsed_s": 13.773348569869995
    }
  }
}