{
  "label": "condU 35M",
  "n_params": 38729736,
  "timestamp": "20260303_130041",
  "tasks": [
    "hellaswag",
    "piqa",
    "arc_easy",
    "arc_challenge",
    "winogrande",
    "lambada"
  ],
  "results": {
    "hellaswag": {
      "accuracy": 0.24716191993626768,
      "correct": 2482,
      "total": 10042,
      "elapsed_s": 145.2018003463745
    },
    "piqa": {
      "accuracy": 0.5631120783460283,
      "correct": 1035,
      "total": 1838,
      "elapsed_s": 9.236470460891724
    },
    "arc_easy": {
      "accuracy": 0.3456140350877193,
      "correct": 197,
      "total": 570,
      "elapsed_s": 5.605985879898071
    },
    "arc_challenge": {
      "accuracy": 0.1806020066889632,
      "correct": 54,
      "total": 299,
      "elapsed_s": 2.9853851795196533
    },
    "winogrande": {
      "accuracy": 0.5074980268350434,
      "correct": 643,
      "total": 1267,
      "elapsed_s": 6.1749327182769775
    },
    "lambada": {
      "accuracy": 0.10945080535610324,
      "correct": 564,
      "total": 5153,
      "elapsed_s": 15.259926319122314
    }
  }
}