{
  "label": "condv_13m (best.pt)",
  "n_params": 14255244,
  "timestamp": "20260303_213931",
  "tasks": [
    "hellaswag",
    "piqa",
    "arc_easy",
    "arc_challenge",
    "winogrande",
    "lambada"
  ],
  "results": {
    "hellaswag": {
      "accuracy": 0.24576777534355707,
      "correct": 2468,
      "total": 10042,
      "elapsed_s": 95.15252137184143
    },
    "piqa": {
      "accuracy": 0.5457018498367792,
      "correct": 1003,
      "total": 1838,
      "elapsed_s": 8.039510250091553
    },
    "arc_easy": {
      "accuracy": 0.3157894736842105,
      "correct": 180,
      "total": 570,
      "elapsed_s": 4.994099378585815
    },
    "arc_challenge": {
      "accuracy": 0.1806020066889632,
      "correct": 54,
      "total": 299,
      "elapsed_s": 2.6221728324890137
    },
    "winogrande": {
      "accuracy": 0.5067087608524072,
      "correct": 642,
      "total": 1267,
      "elapsed_s": 5.5575079917907715
    },
    "lambada": {
      "accuracy": 0.039976712594605085,
      "correct": 206,
      "total": 5153,
      "elapsed_s": 13.566730499267578
    }
  }
}