{
  "label": "condu_35m_pure (best.pt)",
  "n_params": 39521904,
  "timestamp": "20260303_191605",
  "tasks": [
    "hellaswag",
    "piqa",
    "arc_easy",
    "arc_challenge",
    "winogrande",
    "lambada"
  ],
  "results": {
    "hellaswag": {
      "accuracy": 0.24427404899422425,
      "correct": 2453,
      "total": 10042,
      "elapsed_s": 124.60232663154602
    },
    "piqa": {
      "accuracy": 0.5674646354733406,
      "correct": 1043,
      "total": 1838,
      "elapsed_s": 9.995347023010254
    },
    "arc_easy": {
      "accuracy": 0.3526315789473684,
      "correct": 201,
      "total": 570,
      "elapsed_s": 6.133000373840332
    },
    "arc_challenge": {
      "accuracy": 0.18729096989966554,
      "correct": 56,
      "total": 299,
      "elapsed_s": 3.2514593601226807
    },
    "winogrande": {
      "accuracy": 0.5201262825572218,
      "correct": 659,
      "total": 1267,
      "elapsed_s": 6.704063177108765
    },
    "lambada": {
      "accuracy": 0.0390064040364836,
      "correct": 201,
      "total": 5153,
      "elapsed_s": 16.02512764930725
    }
  }
}