{
  "label": "Baseline 27M",
  "n_params": 37971200,
  "timestamp": "20260303_075708",
  "tasks": [
    "hellaswag",
    "piqa",
    "arc_easy",
    "arc_challenge",
    "winogrande",
    "lambada"
  ],
  "results": {
    "hellaswag": {
      "accuracy": 0.2539334793865764,
      "correct": 2550,
      "total": 10042,
      "elapsed_s": 63.17262411117554
    },
    "piqa": {
      "accuracy": 0.5397170837867247,
      "correct": 992,
      "total": 1838,
      "elapsed_s": 5.22660231590271
    },
    "arc_easy": {
      "accuracy": 0.2982456140350877,
      "correct": 170,
      "total": 570,
      "elapsed_s": 3.214141845703125
    },
    "arc_challenge": {
      "accuracy": 0.18729096989966554,
      "correct": 56,
      "total": 299,
      "elapsed_s": 1.6943080425262451
    },
    "winogrande": {
      "accuracy": 0.5224940805051302,
      "correct": 662,
      "total": 1267,
      "elapsed_s": 3.5056631565093994
    },
    "lambada": {
      "accuracy": 0.0729672035707355,
      "correct": 376,
      "total": 5153,
      "elapsed_s": 9.094522714614868
    }
  }
}