{
  "run": "c",
  "label": "Run C \u2014 N=2048, interleaved J=40, linspace init",
  "ppl": 52.857,
  "passkey": "45%",
  "note": "d=32 passkey wall broken; d=1024 40%",
  "tasks": {
    "hellaswag": {
      "accuracy": 0.24517028480382394,
      "correct": 2462,
      "total": 10042,
      "elapsed_s": 132.18435740470886
    },
    "piqa": {
      "accuracy": 0.5516866158868335,
      "correct": 1014,
      "total": 1838,
      "elapsed_s": 8.722563028335571
    },
    "arc_easy": {
      "accuracy": 0.34035087719298246,
      "correct": 194,
      "total": 570,
      "elapsed_s": 5.408556222915649
    },
    "arc_challenge": {
      "accuracy": 0.21739130434782608,
      "correct": 65,
      "total": 299,
      "elapsed_s": 2.859035015106201
    },
    "winogrande": {
      "accuracy": 0.5067087608524072,
      "correct": 642,
      "total": 1267,
      "elapsed_s": 6.0671234130859375
    },
    "lambada": {
      "accuracy": 0.0729672035707355,
      "correct": 376,
      "total": 5153,
      "elapsed_s": 12.611799240112305
    }
  },
  "mean_accuracy": 0.3223791744424348
}