{
  "label": "condm_85m (best.pt)",
  "n_params": 88267552,
  "timestamp": "20260303_192948",
  "tasks": [
    "hellaswag",
    "piqa",
    "arc_easy",
    "arc_challenge",
    "winogrande",
    "lambada"
  ],
  "results": {
    "hellaswag": {
      "accuracy": 0.25124477195777734,
      "correct": 2523,
      "total": 10042,
      "elapsed_s": 537.6446096897125
    },
    "piqa": {
      "accuracy": 0.5495103373231773,
      "correct": 1010,
      "total": 1838,
      "elapsed_s": 40.80357241630554
    },
    "arc_easy": {
      "accuracy": 0.312280701754386,
      "correct": 178,
      "total": 570,
      "elapsed_s": 25.016713619232178
    },
    "arc_challenge": {
      "accuracy": 0.19732441471571907,
      "correct": 59,
      "total": 299,
      "elapsed_s": 13.5916588306427
    },
    "winogrande": {
      "accuracy": 0.5114443567482242,
      "correct": 648,
      "total": 1267,
      "elapsed_s": 27.568211555480957
    },
    "lambada": {
      "accuracy": 0.13002134678827867,
      "correct": 670,
      "total": 5153,
      "elapsed_s": 86.78250241279602
    }
  }
}