{
  "A_v4_no_dispersion": {
    "model_name": "Wave V4 (no dispersion)",
    "params": 13326352,
    "best_ppl": 87.20659856085048,
    "best_acc": 26.250515601918195,
    "best_epoch": 10,
    "total_time": 5242.925741672516,
    "test_ppl": 86.79913927291058,
    "test_acc": 26.286280589779736
  },
  "B_v4d_with_dispersion": {
    "model_name": "Wave V4D (with dispersion)",
    "params": 13326360,
    "best_ppl": 88.2,
    "best_acc": 26.1,
    "best_epoch": 10,
    "total_time": 10616.0,
    "test_ppl": 87.9,
    "test_acc": 26.2,
    "beta_mean": 0.766,
    "beta_std": 0.304,
    "beta_min": 0.42,
    "beta_max": 1.752
  },
  "C_causal_wavelet": {
    "model_name": "Wave V4 + Causal Wavelet Kernel",
    "params": 13326784,
    "best_ppl": 87.40072015266729,
    "best_acc": 26.11393005661999,
    "best_epoch": 10,
    "total_time": 10706.189606666565,
    "test_ppl": 87.23770628659591,
    "test_acc": 26.088275255566973
  },
  "std_13m_2048_baseline": {
    "model_name": "Standard Transformer ~13M @ 2048 tokens",
    "params": 13455872,
    "context_len": 2048,
    "dataset": "OpenWebText 100k docs",
    "val_ppl": 65.6066356026214,
    "val_acc": 30.798235219383297,
    "test_ppl": 64.45151718685017,
    "test_acc": 31.092434440058476,
    "note": "Checkpoint from 2048_6m_std_checkpoints/best.pt; tokenizer retrained deterministically from same 50k docs"
  },
  "D_v5_kdv": {
    "model_name": "Wave V5-KdV (DB4+KdV+RG)",
    "params": 13326832,
    "best_ppl": 99.60616482277159,
    "best_acc": 24.99811811686341,
    "best_epoch": 10,
    "total_time": 12042.563748121262,
    "test_ppl": 99.568808563862,
    "test_acc": 24.964859750690238
  }
}