{
  "test_ppl": 99.39779844902816,
  "test_loss": 4.59912996501713,
  "best_val_ppl": 99.61635033430852,
  "best_epoch": 10,
  "total_time": 6359.6809022426605,
  "scale_summary": {
    "gains_mean_per_scale": [
      0.43975988527139026,
      0.1041514202952385,
      0.09837152312199275,
      0.07498549607892831,
      0.05894589548309644,
      0.04750753380358219,
      0.03731996659189463,
      0.027639336573580902,
      0.024375188474853832,
      0.026810695106784504,
      0.060133072858055435
    ],
    "dominant_scale": 0,
    "dominant_scale_rf_tokens": 4
  },
  "description": "Causal multi-scale D4 DWT field, G=seq_len",
  "architecture": {
    "n_scales": 11,
    "filter": "D4 (fixed)",
    "dilations": [
      1,
      2,
      4,
      8,
      16,
      32,
      64,
      128,
      256,
      512,
      1024
    ],
    "max_rf_tokens": 4096,
    "G": 2048,
    "stride": 1
  }
}