{
  "test_ppl": 65.05745584115468,
  "test_loss": 4.175270815472026,
  "best_val_ppl": 66.05625719081792,
  "best_epoch": 10,
  "total_time_s": 26953.588283777237,
  "condN_baseline_ppl": null,
  "delta_vs_condN": null,
  "n_offsets": 74,
  "offsets": [
    0,
    1,
    2,
    3,
    4,
    5,
    6,
    7,
    8,
    9,
    10,
    11,
    12,
    13,
    14,
    15,
    16,
    17,
    18,
    19,
    20,
    21,
    22,
    23,
    24,
    25,
    26,
    27,
    28,
    29,
    30,
    31,
    32,
    33,
    34,
    35,
    36,
    37,
    38,
    39,
    40,
    41,
    42,
    43,
    44,
    45,
    46,
    47,
    48,
    49,
    50,
    51,
    52,
    53,
    54,
    55,
    56,
    57,
    58,
    59,
    60,
    61,
    62,
    63,
    64,
    96,
    128,
    192,
    256,
    384,
    512,
    768,
    1024,
    1536
  ],
  "dense_local_window": 64,
  "dyadic_long_range": [
    96,
    128,
    192,
    256,
    384,
    512,
    768,
    1024,
    1536
  ],
  "architecture": "condP: dense-64 + dyadic long-range DSQG + ALiBi bias + interference pooling",
  "vs_condN_architecture": "dense window 32\u219264 (fills gap at positions 33\u201347)",
  "attn_summary": {
    "pos_bias_abs_mean": 3.3645052909851074,
    "pos_bias_abs_max": 11.511150360107422,
    "pos_bias_mean_per_head": [
      -0.5303596556186676,
      -1.371212859948476,
      -2.2373412052790322,
      -3.0303105115890503,
      -3.853389263153076,
      -4.499785979588826,
      -5.343183120091756,
      -6.010858615239461
    ]
  }
}