{
  "condP_checkpoint": "checkpoints/2048_condP_checkpoints/best.pt",
  "baseline_checkpoint": "checkpoints/2048_standard_baseline_checkpoints/best.pt",
  "condP_params": 14118368,
  "baseline_params": 21647360,
  "max_new": 200,
  "temperature": 1.0,
  "top_p": 0.9,
  "prompts": [
    "It was a dark and stormy night and the wind howled",
    "The length of the hypotenuse is determined by",
    "The President signed the executive order regarding",
    "Once upon a time there was a princess who lived in",
    "The experimental results clearly indicate that the proposed method",
    "Scientists have recently discovered a new species of",
    "The best way to learn programming is to start with",
    "In the year 2045, artificial intelligence had become"
  ],
  "results": {
    "condP": {
      "per_prompt": {
        "It was a dark and stormy night and the wind howled": {
          "mean_entropy": 5.841286037841638,
          "mean_top1": 0.28422425826080144,
          "mean_top5_mass": 0.5195970755815505,
          "mean_eff_vocab": 182.7699073180988
        },
        "The length of the hypotenuse is determined by": {
          "mean_entropy": 6.536264343824005,
          "mean_top1": 0.3204684656625614,
          "mean_top5_mass": 0.4852765707112849,
          "mean_eff_vocab": 426.5562175945244
        },
        "The President signed the executive order regarding": {
          "mean_entropy": 6.22061814927205,
          "mean_top1": 0.2682670255471021,
          "mean_top5_mass": 0.48901817001402376,
          "mean_eff_vocab": 159.6501348184785
        },
        "Once upon a time there was a princess who lived in": {
          "mean_entropy": 6.510300252942252,
          "mean_top1": 0.24996837329119445,
          "mean_top5_mass": 0.4673065885901451,
          "mean_eff_vocab": 244.61556433087014
        },
        "The experimental results clearly indicate that the proposed method": {
          "mean_entropy": 6.763120577830123,
          "mean_top1": 0.27458083188161253,
          "mean_top5_mass": 0.44567205272614957,
          "mean_eff_vocab": 369.29368788634747
        },
        "Scientists have recently discovered a new species of": {
          "mean_entropy": 6.389868335173815,
          "mean_top1": 0.27975687019061296,
          "mean_top5_mass": 0.4745521463081241,
          "mean_eff_vocab": 238.46202807217625
        },
        "The best way to learn programming is to start with": {
          "mean_entropy": 6.1985737202802556,
          "mean_top1": 0.28540667253546415,
          "mean_top5_mass": 0.4879248590953648,
          "mean_eff_vocab": 266.9362921052292
        },
        "In the year 2045, artificial intelligence had become": {
          "mean_entropy": 6.254759068314306,
          "mean_top1": 0.2701891499152407,
          "mean_top5_mass": 0.4857837417721748,
          "mean_eff_vocab": 226.0362604483928
        }
      },
      "aggregate": {
        "n_steps": 1600,
        "mean_entropy": 6.339348810684806,
        "std_entropy": 2.5353519408252887,
        "mean_top1_prob": 0.2791077059105737,
        "std_top1_prob": 0.23426195380178988,
        "mean_top5_mass": 0.4818914005998522,
        "mean_eff_vocab": 264.2900115717647,
        "entropy_pct": {
          "p10": 3.010744738578796,
          "p25": 4.748504161834717,
          "p50": 6.498314142227173,
          "p75": 8.184080123901367,
          "p90": 9.548901271820068
        }
      }
    },
    "baseline": {
      "per_prompt": {
        "It was a dark and stormy night and the wind howled": {
          "mean_entropy": 5.96070057511708,
          "mean_top1": 0.29152763125952336,
          "mean_top5_mass": 0.507023122087121,
          "mean_eff_vocab": 214.24498633689893
        },
        "The length of the hypotenuse is determined by": {
          "mean_entropy": 7.083775748526241,
          "mean_top1": 0.2364479296701029,
          "mean_top5_mass": 0.41566573357209563,
          "mean_eff_vocab": 432.4737901496085
        },
        "The President signed the executive order regarding": {
          "mean_entropy": 6.375726415326207,
          "mean_top1": 0.28703628984745594,
          "mean_top5_mass": 0.465258465744555,
          "mean_eff_vocab": 242.34489458193647
        },
        "Once upon a time there was a princess who lived in": {
          "mean_entropy": 6.49667685394641,
          "mean_top1": 0.2798147690948099,
          "mean_top5_mass": 0.47017279665917155,
          "mean_eff_vocab": 288.6377914774596
        },
        "The experimental results clearly indicate that the proposed method": {
          "mean_entropy": 6.220154523476959,
          "mean_top1": 0.3080347762955353,
          "mean_top5_mass": 0.4852398109994829,
          "mean_eff_vocab": 247.42061092629098
        },
        "Scientists have recently discovered a new species of": {
          "mean_entropy": 6.890103625545162,
          "mean_top1": 0.25464258329942824,
          "mean_top5_mass": 0.4339377677068114,
          "mean_eff_vocab": 292.12373274146944
        },
        "The best way to learn programming is to start with": {
          "mean_entropy": 5.582590473105738,
          "mean_top1": 0.30369284108281136,
          "mean_top5_mass": 0.5360618789494037,
          "mean_eff_vocab": 138.6220920148033
        },
        "In the year 2045, artificial intelligence had become": {
          "mean_entropy": 6.523224364343623,
          "mean_top1": 0.2605838720593601,
          "mean_top5_mass": 0.45291567273437977,
          "mean_eff_vocab": 233.4272723564713
        }
      },
      "aggregate": {
        "n_steps": 1600,
        "mean_entropy": 6.391619072423428,
        "std_entropy": 2.5348591945406476,
        "mean_top1_prob": 0.27772258657612836,
        "std_top1_prob": 0.23912667561794493,
        "mean_top5_mass": 0.47078440605662764,
        "mean_eff_vocab": 261.16189632311733,
        "entropy_pct": {
          "p10": 3.072636580467224,
          "p25": 4.875896453857422,
          "p50": 6.546778917312622,
          "p75": 8.278182983398438,
          "p90": 9.577895164489746
        }
      }
    }
  }
}