{
  "test_ppl": 55.315026052903235,
  "best_val_ppl": 56.54335527636565,
  "best_epoch": 10,
  "total_time_s": 16954.59442615509,
  "architecture": "[DSQG\u00d73, Full, DSQG\u00d73, Full]",
  "full_attn_layers": [
    3,
    7
  ],
  "n_params": 13075648,
  "condM_13m_layer5_ppl": 54.529,
  "standard_13m_ppl": 64.07
}