{
  "condP_checkpoint": "checkpoints/2048_condP_checkpoints/best.pt",
  "baseline_checkpoint": "checkpoints/2048_standard_baseline_checkpoints/best.pt",
  "condP_params": 14118368,
  "baseline_params": 21647360,
  "chunk_size": 2048,
  "n_chunks": 2,
  "n_paragraphs": 10,
  "data_source": "hardcoded_diverse_paragraphs",
  "bucket_results": {
    "0-16": {
      "condP_mean_loss": 4.975372204009225,
      "baseline_mean_loss": 5.41213838317815,
      "delta": -0.43676617916892546,
      "n_tokens": 34,
      "condP_better_pct": 64.70588235294117
    },
    "17-64": {
      "condP_mean_loss": 4.152380351161507,
      "baseline_mean_loss": 4.509709167061374,
      "delta": -0.35732881589986665,
      "n_tokens": 96,
      "condP_better_pct": 67.70833333333333
    },
    "65-256": {
      "condP_mean_loss": 4.705911257199356,
      "baseline_mean_loss": 4.916647092064522,
      "delta": -0.210735834865166,
      "n_tokens": 384,
      "condP_better_pct": 56.25
    },
    "257-512": {
      "condP_mean_loss": 4.77427679372704,
      "baseline_mean_loss": 4.982149713160425,
      "delta": -0.2078729194333846,
      "n_tokens": 512,
      "condP_better_pct": 58.0078125
    },
    "513-1024": {
      "condP_mean_loss": 4.918415106197017,
      "baseline_mean_loss": 5.085306009498481,
      "delta": -0.16689090330146428,
      "n_tokens": 1024,
      "condP_better_pct": 59.47265625
    },
    "1025-2047": {
      "condP_mean_loss": 4.570586590245391,
      "baseline_mean_loss": 4.768014629773977,
      "delta": -0.19742803952858612,
      "n_tokens": 2044,
      "condP_better_pct": 60.714285714285715
    }
  },
  "overall": {
    "condP_mean_loss": 4.689307979728368,
    "baseline_mean_loss": 4.887389638139061,
    "delta": -0.19808165841069325,
    "n_tokens": 4094
  }
}